complaint_id,month,complaint_date,customer_id,sku,complaint_type,severity,description,resolved,resolution_days,satisfaction,handler
COMP0001,2025-06,2025-06-24,CUST0101,FWD508WR,交期延误,高,交期延误相关问题，需要跟进处理,True,3,3.1,客服-02
COMP0002,2025-08,2025-08-09,CUST0025,FWD7504,错误发货,紧急,包装破损相关问题，需要跟进处理,True,22,3.9,客服-03
COMP0003,2025-10,2025-10-26,CUST0291,FWD522,价格争议,紧急,交期延误相关问题，需要跟进处理,False,19,4.5,客服-03
COMP0004,2025-10,2025-10-24,CUST0120,BHC9326BM ,质量问题,中,服务态度相关问题，需要跟进处理,True,12,4.8,客服-02
COMP0005,2025-06,2025-06-02,CUST0207,FWD6205,交期延误,中,价格争议相关问题，需要跟进处理,True,30,4.5,客服-01
COMP0006,2025-11,2025-11-17,CUST0213,FWD219WR,服务态度,高,质量问题相关问题，需要跟进处理,True,16,2.7,客服-02
COMP0007,2025-07,2025-07-20,CUST0167,FWD205M,价格争议,中,质量问题相关问题，需要跟进处理,True,24,3.6,客服-02
COMP0008,2025-10,2025-10-05,CUST0175,BHC9232MGH,交期延误,低,错误发货相关问题，需要跟进处理,True,10,1.1,客服-03
COMP0009,2025-03,2025-03-16,CUST0178,FWDV220,错误发货,低,交期延误相关问题，需要跟进处理,True,16,1.5,客服-02
COMP0010,2025-09,2025-09-17,CUST0126,FWD524,错误发货,紧急,错误发货相关问题，需要跟进处理,True,24,2.3,客服-02
COMP0011,2025-02,2025-02-28,CUST0017,FWD417,质量问题,低,交期延误相关问题，需要跟进处理,True,4,3.8,客服-02
COMP0012,2025-03,2025-03-19,CUST0039,FWD407,交期延误,高,质量问题相关问题，需要跟进处理,True,25,1.7,客服-02
COMP0013,2025-02,2025-02-05,CUST0156,FWD524,包装破损,高,质量问题相关问题，需要跟进处理,True,3,4.5,客服-01
COMP0014,2025-06,2025-06-02,CUST0264,FWD353,包装破损,低,价格争议相关问题，需要跟进处理,True,25,4.8,客服-03
COMP0015,2025-02,2025-02-07,CUST0299,FWD6003,交期延误,高,包装破损相关问题，需要跟进处理,True,22,2.6,客服-02
COMP0016,2025-09,2025-09-05,CUST0098,FWDV080B,包装破损,中,服务态度相关问题，需要跟进处理,True,25,4.7,客服-02
COMP0017,2025-08,2025-08-22,CUST0161,BHC9237GRH,错误发货,中,包装破损相关问题，需要跟进处理,False,13,1.3,客服-02
COMP0018,2025-08,2025-08-12,CUST0124,FWD6820,错误发货,中,交期延误相关问题，需要跟进处理,True,20,1.6,客服-02
COMP0019,2025-10,2025-10-07,CUST0281,FWD5518,服务态度,中,错误发货相关问题，需要跟进处理,True,24,1.4,客服-03
COMP0020,2025-11,2025-11-23,CUST0102,FWD6810,服务态度,中,价格争议相关问题，需要跟进处理,True,26,3.9,客服-02
COMP0021,2025-06,2025-06-23,CUST0166,FWD6840,包装破损,紧急,价格争议相关问题，需要跟进处理,False,11,4.5,客服-02
COMP0022,2024-11,2024-11-04,CUST0288,FWD5893,包装破损,中,质量问题相关问题，需要跟进处理,True,19,1.7,客服-03
COMP0023,2025-06,2025-06-23,CUST0083,FWD122,质量问题,高,错误发货相关问题，需要跟进处理,True,15,3.6,客服-02
COMP0024,2025-03,2025-03-03,CUST0150,FWDD23L,错误发货,高,服务态度相关问题，需要跟进处理,True,17,1.7,客服-03
COMP0025,2025-08,2025-08-02,CUST0036,FWD6002A,交期延误,紧急,交期延误相关问题，需要跟进处理,True,29,1.9,客服-02
COMP0026,2025-10,2025-10-23,CUST0042,FWD5518WR,包装破损,高,错误发货相关问题，需要跟进处理,False,5,1.2,客服-01
COMP0027,2024-12,2024-12-03,CUST0193,FWDD29M,交期延误,高,包装破损相关问题，需要跟进处理,True,15,4.6,客服-02
COMP0028,2025-01,2025-01-26,CUST0008,FWD402,价格争议,低,错误发货相关问题，需要跟进处理,True,30,2.4,客服-02
COMP0029,2025-10,2025-10-21,CUST0233,FWD5894,包装破损,中,服务态度相关问题，需要跟进处理,True,16,4.5,客服-03
COMP0030,2025-04,2025-04-26,CUST0168,FWD001,质量问题,高,价格争议相关问题，需要跟进处理,True,27,3.4,客服-02
COMP0031,2025-05,2025-05-22,CUST0187,FWD6504A,质量问题,高,价格争议相关问题，需要跟进处理,True,21,1.8,客服-03
COMP0032,2025-11,2025-11-01,CUST0243,FWD221,包装破损,低,质量问题相关问题，需要跟进处理,True,30,3.2,客服-02
COMP0033,2025-07,2025-07-25,CUST0205,FWD299,价格争议,紧急,服务态度相关问题，需要跟进处理,True,18,2.9,客服-02
COMP0034,2024-10,2024-10-16,CUST0083,FWD303WR,价格争议,低,包装破损相关问题，需要跟进处理,False,30,2.6,客服-03
COMP0035,2025-10,2025-10-12,CUST0041,FWD508WR,价格争议,低,质量问题相关问题，需要跟进处理,True,12,3.9,客服-02
COMP0036,2025-03,2025-03-14,CUST0196,FWD5519,包装破损,低,包装破损相关问题，需要跟进处理,False,22,4.5,客服-03
COMP0037,2025-04,2025-04-14,CUST0012,FWD3302,服务态度,高,错误发货相关问题，需要跟进处理,True,13,2.7,客服-02
COMP0038,2025-09,2025-09-26,CUST0266,FWD217,交期延误,低,质量问题相关问题，需要跟进处理,True,28,1.4,客服-01
COMP0039,2025-09,2025-09-28,CUST0069,FWD6501,错误发货,中,服务态度相关问题，需要跟进处理,True,9,2.6,客服-02
COMP0040,2025-06,2025-06-17,CUST0231,FWD7352,交期延误,中,价格争议相关问题，需要跟进处理,False,16,4.8,客服-01
COMP0041,2025-02,2025-02-02,CUST0085,FWD5893,包装破损,低,质量问题相关问题，需要跟进处理,True,10,3.8,客服-03
COMP0042,2025-07,2025-07-11,CUST0052,FWD323WR,服务态度,高,服务态度相关问题，需要跟进处理,True,28,2.3,客服-03
COMP0043,2025-06,2025-06-09,CUST0039,FWD5800D,价格争议,中,服务态度相关问题，需要跟进处理,True,5,2.6,客服-02
COMP0044,2024-10,2024-10-03,CUST0148,BHC9235BVH,服务态度,高,包装破损相关问题，需要跟进处理,True,8,5.0,客服-02
COMP0045,2025-01,2025-01-26,CUST0091,FWD401,包装破损,高,服务态度相关问题，需要跟进处理,True,29,1.0,客服-03
COMP0046,2025-05,2025-05-05,CUST0215,FWD5519WR,价格争议,紧急,服务态度相关问题，需要跟进处理,True,3,2.0,客服-01
COMP0047,2025-07,2025-07-02,CUST0187,FWD361,错误发货,高,服务态度相关问题，需要跟进处理,True,17,4.6,客服-01
COMP0048,2025-01,2025-01-05,CUST0145,FWD306,质量问题,高,质量问题相关问题，需要跟进处理,True,6,5.0,客服-01
COMP0049,2025-10,2025-10-15,CUST0043,FWD235,价格争议,中,错误发货相关问题，需要跟进处理,True,13,1.8,客服-03
COMP0050,2025-11,2025-11-10,CUST0290,FWDV150B,服务态度,中,错误发货相关问题，需要跟进处理,True,30,2.5,客服-02
COMP0051,2025-05,2025-05-14,CUST0170,FWD5870A,质量问题,低,价格争议相关问题，需要跟进处理,True,16,1.6,客服-02
COMP0052,2025-10,2025-10-16,CUST0197,FWD6018,价格争议,紧急,服务态度相关问题，需要跟进处理,True,25,3.1,客服-02
COMP0053,2025-07,2025-07-27,CUST0136,BHC9225BMTH,包装破损,紧急,错误发货相关问题，需要跟进处理,True,23,3.1,客服-02
COMP0054,2024-12,2024-12-16,CUST0042,FWDD27M,包装破损,中,价格争议相关问题，需要跟进处理,False,19,4.0,客服-01
COMP0055,2025-05,2025-05-24,CUST0074,FWD235WR,质量问题,紧急,错误发货相关问题，需要跟进处理,True,25,1.5,客服-03
COMP0056,2025-11,2025-11-26,CUST0156,FWD534,错误发货,紧急,服务态度相关问题，需要跟进处理,True,12,3.9,客服-02
COMP0057,2025-08,2025-08-21,CUST0296,FWD7305WR,包装破损,低,服务态度相关问题，需要跟进处理,True,21,1.4,客服-02
COMP0058,2025-07,2025-07-24,CUST0085,FWDD10Y,包装破损,紧急,质量问题相关问题，需要跟进处理,True,28,1.2,客服-03
COMP0059,2024-12,2024-12-07,CUST0114,FWD6163,交期延误,中,服务态度相关问题，需要跟进处理,True,2,1.1,客服-02
COMP0060,2025-07,2025-07-17,CUST0054,FWD411,质量问题,低,质量问题相关问题，需要跟进处理,True,30,1.1,客服-03
COMP0061,2025-01,2025-01-06,CUST0020,FWD5519,服务态度,低,错误发货相关问题，需要跟进处理,False,6,4.6,客服-03
COMP0062,2025-07,2025-07-02,CUST0171,FWD435,交期延误,紧急,包装破损相关问题，需要跟进处理,True,23,3.2,客服-02
COMP0063,2024-11,2024-11-08,CUST0136,FWD8205WR,价格争议,低,交期延误相关问题，需要跟进处理,True,2,4.7,客服-02
COMP0064,2024-12,2024-12-03,CUST0096,FWD5891,交期延误,高,包装破损相关问题，需要跟进处理,True,2,3.7,客服-03
COMP0065,2024-10,2024-10-06,CUST0096,FWD5874A,包装破损,紧急,交期延误相关问题，需要跟进处理,True,10,4.6,客服-01
COMP0066,2025-02,2025-02-28,CUST0091,FWD201WR,交期延误,高,质量问题相关问题，需要跟进处理,True,12,3.3,客服-03
COMP0067,2025-01,2025-01-21,CUST0234,FWD6001,价格争议,低,质量问题相关问题，需要跟进处理,False,23,4.4,客服-01
COMP0068,2025-08,2025-08-07,CUST0052,FWD120,价格争议,高,错误发货相关问题，需要跟进处理,True,3,3.1,客服-02
COMP0069,2025-07,2025-07-20,CUST0028,FWD525WR,交期延误,低,服务态度相关问题，需要跟进处理,True,17,4.9,客服-01
COMP0070,2025-06,2025-06-02,CUST0254,FWD6163,交期延误,紧急,质量问题相关问题，需要跟进处理,True,15,2.9,客服-03
COMP0071,2024-12,2024-12-09,CUST0041,FWDV020,错误发货,高,交期延误相关问题，需要跟进处理,True,20,4.7,客服-03
COMP0072,2025-11,2025-11-24,CUST0058,FWD402,服务态度,紧急,服务态度相关问题，需要跟进处理,True,24,3.4,客服-03
COMP0073,2025-05,2025-05-27,CUST0107,FWD505,服务态度,紧急,错误发货相关问题，需要跟进处理,False,17,3.2,客服-01
COMP0074,2025-01,2025-01-02,CUST0005,FWD522,服务态度,中,包装破损相关问题，需要跟进处理,True,9,2.8,客服-01
COMP0075,2025-02,2025-02-19,CUST0120,FWD6003T,错误发货,紧急,交期延误相关问题，需要跟进处理,True,11,2.7,客服-02
COMP0076,2025-05,2025-05-04,CUST0231,FWD120,质量问题,中,交期延误相关问题，需要跟进处理,True,7,2.5,客服-03
COMP0077,2025-03,2025-03-04,CUST0300,FWD6502,错误发货,低,错误发货相关问题，需要跟进处理,True,8,4.7,客服-02
COMP0078,2025-06,2025-06-15,CUST0048,FWD301,错误发货,紧急,错误发货相关问题，需要跟进处理,True,21,1.5,客服-03
COMP0079,2025-02,2025-02-10,CUST0050,FWD6303,价格争议,紧急,错误发货相关问题，需要跟进处理,True,21,4.9,客服-02
COMP0080,2025-03,2025-03-06,CUST0157,FWD416,错误发货,高,包装破损相关问题，需要跟进处理,True,1,2.2,客服-02
COMP0081,2025-10,2025-10-07,CUST0098,FWDD28X,交期延误,紧急,交期延误相关问题，需要跟进处理,True,28,3.7,客服-03
COMP0082,2025-10,2025-10-17,CUST0024,FWD3112,错误发货,高,价格争议相关问题，需要跟进处理,False,28,3.1,客服-01
COMP0083,2025-06,2025-06-01,CUST0132,HC010AS,交期延误,中,交期延误相关问题，需要跟进处理,True,14,4.6,客服-01
COMP0084,2025-03,2025-03-14,CUST0262,FWD552,包装破损,低,错误发货相关问题，需要跟进处理,True,29,4.4,客服-03
COMP0085,2024-11,2024-11-28,CUST0053,FWDV095,服务态度,中,价格争议相关问题，需要跟进处理,True,17,1.6,客服-02
COMP0086,2025-02,2025-02-24,CUST0184,BHC9337GP,质量问题,低,错误发货相关问题，需要跟进处理,True,17,3.5,客服-03
COMP0087,2025-03,2025-03-18,CUST0180,FWD215,价格争议,低,质量问题相关问题，需要跟进处理,True,11,2.6,客服-02
COMP0088,2025-08,2025-08-02,CUST0007,FWD410,错误发货,紧急,错误发货相关问题，需要跟进处理,True,7,2.1,客服-03
COMP0089,2025-06,2025-06-28,CUST0220,FWD303,服务态度,高,服务态度相关问题，需要跟进处理,True,7,3.4,客服-03
COMP0090,2024-10,2024-10-13,CUST0163,FWDD29X,质量问题,紧急,错误发货相关问题，需要跟进处理,True,22,2.1,客服-03
COMP0091,2025-10,2025-10-11,CUST0219,FWD6002AWR,包装破损,高,服务态度相关问题，需要跟进处理,True,8,1.6,客服-03
COMP0092,2025-09,2025-09-16,CUST0020,FWD509,错误发货,高,价格争议相关问题，需要跟进处理,True,22,1.0,客服-02
COMP0093,2025-07,2025-07-13,CUST0168,FWDV150B,交期延误,低,质量问题相关问题，需要跟进处理,True,30,2.2,客服-01
COMP0094,2025-01,2025-01-14,CUST0239,FWD5519WR,交期延误,紧急,错误发货相关问题，需要跟进处理,True,5,4.2,客服-03
COMP0095,2025-07,2025-07-18,CUST0096,FWD300WR,服务态度,高,服务态度相关问题，需要跟进处理,True,14,1.2,客服-01
COMP0096,2024-11,2024-11-26,CUST0164,FWD211,交期延误,紧急,价格争议相关问题，需要跟进处理,False,2,4.2,客服-01
COMP0097,2025-03,2025-03-04,CUST0042,FWD5872A,错误发货,高,服务态度相关问题，需要跟进处理,True,9,4.7,客服-02
COMP0098,2025-11,2025-11-28,CUST0034,FWD435B,价格争议,高,质量问题相关问题，需要跟进处理,True,15,1.9,客服-02
COMP0099,2025-11,2025-11-26,CUST0100,FWD504,交期延误,中,服务态度相关问题，需要跟进处理,True,8,4.9,客服-02
COMP0100,2025-02,2025-02-13,CUST0146,FWD362,服务态度,中,价格争议相关问题，需要跟进处理,True,22,3.9,客服-01
COMP0101,2024-10,2024-10-28,CUST0071,FWD224,价格争议,紧急,质量问题相关问题，需要跟进处理,True,19,4.7,客服-03
COMP0102,2025-06,2025-06-13,CUST0006,FWD152,价格争议,紧急,质量问题相关问题，需要跟进处理,True,4,1.4,客服-03
COMP0103,2025-08,2025-08-07,CUST0164,BHC89232BR,包装破损,中,服务态度相关问题，需要跟进处理,True,27,1.5,客服-01
COMP0104,2025-09,2025-09-28,CUST0296,FWD418B,质量问题,中,错误发货相关问题，需要跟进处理,True,16,4.7,客服-03
COMP0105,2024-10,2024-10-19,CUST0120,FWD5894,交期延误,中,交期延误相关问题，需要跟进处理,True,16,4.9,客服-03
COMP0106,2024-11,2024-11-22,CUST0087,FWD424,包装破损,低,包装破损相关问题，需要跟进处理,True,3,4.5,客服-02
COMP0107,2024-12,2024-12-22,CUST0002,BHC9235BVH,质量问题,低,包装破损相关问题，需要跟进处理,True,23,2.2,客服-01
COMP0108,2025-11,2025-11-23,CUST0082,FWD5518WR,价格争议,低,交期延误相关问题，需要跟进处理,True,3,3.6,客服-03
COMP0109,2025-11,2025-11-16,CUST0259,FWD5895,错误发货,紧急,错误发货相关问题，需要跟进处理,True,21,2.5,客服-02
COMP0110,2025-11,2025-11-22,CUST0118,FWD235,价格争议,紧急,交期延误相关问题，需要跟进处理,True,16,5.0,客服-03
COMP0111,2025-09,2025-09-19,CUST0098,HC010AS,价格争议,高,质量问题相关问题，需要跟进处理,True,5,2.4,客服-01
COMP0112,2025-08,2025-08-09,CUST0164,FWD249,质量问题,低,错误发货相关问题，需要跟进处理,False,19,1.3,客服-02
COMP0113,2024-11,2024-11-22,CUST0251,FWD121WR,交期延误,低,错误发货相关问题，需要跟进处理,True,5,1.8,客服-01
COMP0114,2025-11,2025-11-09,CUST0029,FWD506,包装破损,高,服务态度相关问题，需要跟进处理,True,26,3.3,客服-01
COMP0115,2025-09,2025-09-05,CUST0023,FWD5800,包装破损,高,包装破损相关问题，需要跟进处理,True,5,3.4,客服-02
COMP0116,2025-08,2025-08-06,CUST0262,FWD5892,服务态度,紧急,交期延误相关问题，需要跟进处理,True,8,5.0,客服-01
COMP0117,2025-06,2025-06-06,CUST0251,FWD351,服务态度,紧急,包装破损相关问题，需要跟进处理,False,16,4.7,客服-03
COMP0118,2025-05,2025-05-04,CUST0201,FWD6601,交期延误,紧急,包装破损相关问题，需要跟进处理,True,8,2.8,客服-03
COMP0119,2025-05,2025-05-26,CUST0224,FWD6860,交期延误,紧急,质量问题相关问题，需要跟进处理,True,5,2.3,客服-02
COMP0120,2025-04,2025-04-13,CUST0056,FWD901KSW,交期延误,低,交期延误相关问题，需要跟进处理,True,25,3.2,客服-03
COMP0121,2025-03,2025-03-24,CUST0062,FWD429,服务态度,低,包装破损相关问题，需要跟进处理,True,28,2.0,客服-01
COMP0122,2024-11,2024-11-16,CUST0035,FWD219WR,交期延误,高,服务态度相关问题，需要跟进处理,True,30,2.3,客服-03
COMP0123,2025-03,2025-03-02,CUST0165,BHC9235BVH,价格争议,中,质量问题相关问题，需要跟进处理,True,20,4.2,客服-01
COMP0124,2025-11,2025-11-16,CUST0125,FWD302WR,价格争议,中,错误发货相关问题，需要跟进处理,True,26,4.4,客服-02
COMP0125,2025-03,2025-03-04,CUST0076,FWD415Y,质量问题,中,包装破损相关问题，需要跟进处理,False,10,2.8,客服-03
COMP0126,2025-04,2025-04-01,CUST0201,FWD435B,价格争议,紧急,质量问题相关问题，需要跟进处理,True,19,3.0,客服-02
COMP0127,2025-11,2025-11-27,CUST0272,FWD235,服务态度,低,价格争议相关问题，需要跟进处理,True,19,4.9,客服-01
COMP0128,2025-07,2025-07-08,CUST0079,FWD6601A,包装破损,高,价格争议相关问题，需要跟进处理,False,4,2.4,客服-01
COMP0129,2024-11,2024-11-25,CUST0043,BHC9323PG,质量问题,中,交期延误相关问题，需要跟进处理,True,18,4.1,客服-02
COMP0130,2025-07,2025-07-10,CUST0069,FWD405B,质量问题,高,质量问题相关问题，需要跟进处理,True,24,1.3,客服-01
COMP0131,2025-11,2025-11-13,CUST0120,FWDD21M,价格争议,高,服务态度相关问题，需要跟进处理,True,9,1.7,客服-01
COMP0132,2025-08,2025-08-04,CUST0068,FWD300,质量问题,中,服务态度相关问题，需要跟进处理,True,6,1.1,客服-03
COMP0133,2025-10,2025-10-05,CUST0223,FWD110,服务态度,低,包装破损相关问题，需要跟进处理,True,17,4.0,客服-01
COMP0134,2025-03,2025-03-16,CUST0016,FWDD23X,交期延误,低,包装破损相关问题，需要跟进处理,False,19,4.1,客服-03
COMP0135,2025-02,2025-02-10,CUST0004,FWD408,质量问题,中,质量问题相关问题，需要跟进处理,True,18,3.6,客服-01
COMP0136,2025-10,2025-10-05,CUST0037,BHC9230YBH,质量问题,低,价格争议相关问题，需要跟进处理,True,8,1.8,客服-01
COMP0137,2025-05,2025-05-19,CUST0279,FWD323M,质量问题,低,价格争议相关问题，需要跟进处理,True,6,3.2,客服-03
COMP0138,2025-01,2025-01-04,CUST0220,BHC9320YB,价格争议,紧急,包装破损相关问题，需要跟进处理,True,25,3.8,客服-01
COMP0139,2025-05,2025-05-10,CUST0058,FWD211WR,错误发货,中,包装破损相关问题，需要跟进处理,True,26,3.2,客服-02
COMP0140,2025-01,2025-01-12,CUST0191,FWD5870D,包装破损,紧急,价格争议相关问题，需要跟进处理,True,26,4.8,客服-01
COMP0141,2025-03,2025-03-18,CUST0097,FWD151WR,错误发货,高,价格争议相关问题，需要跟进处理,False,23,2.0,客服-03
COMP0142,2025-01,2025-01-27,CUST0272,FWD6300T,价格争议,高,包装破损相关问题，需要跟进处理,False,28,4.9,客服-03
COMP0143,2025-11,2025-11-14,CUST0085,FWD8205WR,服务态度,高,包装破损相关问题，需要跟进处理,False,19,2.6,客服-03
COMP0144,2025-02,2025-02-22,CUST0215,FWD101,服务态度,高,服务态度相关问题，需要跟进处理,True,30,3.7,客服-01
COMP0145,2024-11,2024-11-02,CUST0263,FWD6500,错误发货,高,质量问题相关问题，需要跟进处理,False,10,3.5,客服-03
COMP0146,2025-04,2025-04-03,CUST0101,FWD362,交期延误,高,错误发货相关问题，需要跟进处理,False,12,4.5,客服-01
COMP0147,2024-10,2024-10-17,CUST0048,FWD300,错误发货,低,交期延误相关问题，需要跟进处理,True,10,3.3,客服-03
COMP0148,2025-09,2025-09-19,CUST0201,FWDV080B,服务态度,高,服务态度相关问题，需要跟进处理,False,15,3.2,客服-01
COMP0149,2025-05,2025-05-13,CUST0093,FWD5800,质量问题,低,质量问题相关问题，需要跟进处理,True,8,2.6,客服-01
COMP0150,2025-05,2025-05-12,CUST0081,FWD151,价格争议,紧急,包装破损相关问题，需要跟进处理,True,25,4.6,客服-03
COMP0151,2024-11,2024-11-02,CUST0064,BHC9326BM ,质量问题,高,服务态度相关问题，需要跟进处理,True,13,3.0,客服-01
COMP0152,2025-10,2025-10-15,CUST0292,FWD123,质量问题,高,价格争议相关问题，需要跟进处理,True,19,2.2,客服-02
COMP0153,2025-06,2025-06-20,CUST0130,FWD6820,交期延误,高,服务态度相关问题，需要跟进处理,False,26,1.8,客服-02
COMP0154,2024-11,2024-11-22,CUST0178,FWD6882,价格争议,高,包装破损相关问题，需要跟进处理,False,1,3.7,客服-01
COMP0155,2025-11,2025-11-05,CUST0188,FWD6683T,质量问题,紧急,价格争议相关问题，需要跟进处理,True,1,2.4,客服-02
COMP0156,2025-02,2025-02-06,CUST0257,FWD504WR,包装破损,紧急,质量问题相关问题，需要跟进处理,True,24,2.0,客服-01
COMP0157,2025-05,2025-05-26,CUST0238,FWD122,质量问题,紧急,包装破损相关问题，需要跟进处理,True,10,1.9,客服-02
COMP0158,2025-07,2025-07-03,CUST0229,FWD001,包装破损,中,错误发货相关问题，需要跟进处理,True,9,4.9,客服-02
COMP0159,2025-02,2025-02-18,CUST0179,HM010AS,交期延误,低,服务态度相关问题，需要跟进处理,True,6,3.3,客服-02
COMP0160,2025-03,2025-03-19,CUST0118,FWD101,质量问题,中,错误发货相关问题，需要跟进处理,True,24,3.9,客服-03
COMP0161,2025-03,2025-03-22,CUST0170,FWD6002,包装破损,紧急,价格争议相关问题，需要跟进处理,True,15,3.1,客服-01
COMP0162,2025-02,2025-02-08,CUST0252,FWDV220,价格争议,紧急,交期延误相关问题，需要跟进处理,True,6,2.2,客服-03
COMP0163,2025-02,2025-02-14,CUST0084,FWD306,价格争议,中,质量问题相关问题，需要跟进处理,True,1,2.2,客服-03
COMP0164,2025-04,2025-04-24,CUST0252,FWD5800,质量问题,中,服务态度相关问题，需要跟进处理,True,2,1.8,客服-02
COMP0165,2025-01,2025-01-21,CUST0052,FWD5872C,交期延误,低,服务态度相关问题，需要跟进处理,True,15,4.0,客服-01
COMP0166,2025-01,2025-01-13,CUST0104,FWD205WR,价格争议,紧急,包装破损相关问题，需要跟进处理,True,12,1.3,客服-01
COMP0167,2025-08,2025-08-25,CUST0095,FWD6602E,质量问题,高,包装破损相关问题，需要跟进处理,True,8,4.7,客服-01
COMP0168,2025-08,2025-08-10,CUST0242,FWD121WR,价格争议,高,质量问题相关问题，需要跟进处理,False,1,2.8,客服-03
COMP0169,2025-10,2025-10-23,CUST0052,FWD111,质量问题,紧急,服务态度相关问题，需要跟进处理,True,2,1.4,客服-02
COMP0170,2025-08,2025-08-17,CUST0170,FWDD21X,包装破损,高,包装破损相关问题，需要跟进处理,True,10,4.9,客服-02
COMP0171,2025-10,2025-10-05,CUST0179,FWD101,服务态度,中,包装破损相关问题，需要跟进处理,True,30,1.6,客服-02
COMP0172,2025-06,2025-06-03,CUST0123,FWD205WR,价格争议,中,错误发货相关问题，需要跟进处理,True,5,2.5,客服-03
COMP0173,2025-09,2025-09-14,CUST0294,FWD524WR,错误发货,高,质量问题相关问题，需要跟进处理,True,28,2.9,客服-03
COMP0174,2025-01,2025-01-12,CUST0042,FWD6003,交期延误,中,错误发货相关问题，需要跟进处理,True,27,2.6,客服-03
COMP0175,2025-08,2025-08-28,CUST0205,FWD502WR,质量问题,中,价格争议相关问题，需要跟进处理,True,24,4.5,客服-02
COMP0176,2025-04,2025-04-23,CUST0054,BHC9227GOH,错误发货,中,错误发货相关问题，需要跟进处理,True,2,4.3,客服-01
COMP0177,2025-03,2025-03-02,CUST0070,BHC89233BR,错误发货,低,服务态度相关问题，需要跟进处理,True,11,1.7,客服-02
COMP0178,2024-10,2024-10-20,CUST0072,FWD6501,价格争议,低,包装破损相关问题，需要跟进处理,True,27,1.4,客服-03
COMP0179,2025-05,2025-05-25,CUST0093,FWD435B,交期延误,高,价格争议相关问题，需要跟进处理,False,16,4.0,客服-01
COMP0180,2025-07,2025-07-27,CUST0091,FWDV020,交期延误,高,交期延误相关问题，需要跟进处理,True,28,4.5,客服-01
COMP0181,2025-07,2025-07-27,CUST0216,BHC9233POH,包装破损,紧急,包装破损相关问题，需要跟进处理,True,18,3.3,客服-01
COMP0182,2025-02,2025-02-19,CUST0227,FWD5800D,错误发货,中,错误发货相关问题，需要跟进处理,True,18,4.9,客服-03
COMP0183,2025-11,2025-11-01,CUST0272,FWD173,错误发货,高,服务态度相关问题，需要跟进处理,True,5,4.6,客服-01
COMP0184,2024-10,2024-10-06,CUST0295,FWD7322B,价格争议,高,服务态度相关问题，需要跟进处理,True,11,3.3,客服-01
COMP0185,2025-02,2025-02-07,CUST0088,FWD205WR,服务态度,高,价格争议相关问题，需要跟进处理,True,9,4.5,客服-01
COMP0186,2025-04,2025-04-20,CUST0017,BHC9230YBH,交期延误,低,质量问题相关问题，需要跟进处理,True,4,3.6,客服-01
COMP0187,2025-08,2025-08-09,CUST0096,FWD6215,质量问题,低,交期延误相关问题，需要跟进处理,True,6,1.2,客服-03
COMP0188,2025-02,2025-02-04,CUST0286,FWD299,交期延误,中,错误发货相关问题，需要跟进处理,True,9,4.0,客服-01
COMP0189,2025-08,2025-08-11,CUST0067,FWD525WR,交期延误,高,价格争议相关问题，需要跟进处理,True,27,2.5,客服-01
COMP0190,2025-09,2025-09-27,CUST0276,FWD430,质量问题,低,错误发货相关问题，需要跟进处理,False,11,1.1,客服-02
COMP0191,2024-10,2024-10-17,CUST0272,FWD534WR,交期延误,高,错误发货相关问题，需要跟进处理,True,20,3.7,客服-03
COMP0192,2024-12,2024-12-06,CUST0298,FWD7351,质量问题,低,质量问题相关问题，需要跟进处理,True,29,3.5,客服-03
COMP0193,2025-06,2025-06-05,CUST0033,FWD111M,交期延误,中,错误发货相关问题，需要跟进处理,True,7,4.8,客服-03
COMP0194,2025-06,2025-06-19,CUST0269,FWD205WR,价格争议,高,错误发货相关问题，需要跟进处理,False,13,2.5,客服-02
COMP0195,2024-10,2024-10-24,CUST0169,FWD6603,错误发货,低,质量问题相关问题，需要跟进处理,True,12,1.6,客服-02
COMP0196,2025-10,2025-10-18,CUST0145,FWD8503WR,价格争议,紧急,包装破损相关问题，需要跟进处理,True,6,3.0,客服-03
COMP0197,2025-03,2025-03-14,CUST0200,FWDV095B,服务态度,低,服务态度相关问题，需要跟进处理,True,5,3.9,客服-02
COMP0198,2025-06,2025-06-11,CUST0096,FWD301,质量问题,紧急,包装破损相关问题，需要跟进处理,True,1,2.0,客服-01
COMP0199,2024-11,2024-11-13,CUST0030,FWD6603B,价格争议,紧急,价格争议相关问题，需要跟进处理,True,4,4.5,客服-02
COMP0200,2025-10,2025-10-13,CUST0154,BHC9232MGH,质量问题,中,错误发货相关问题，需要跟进处理,True,3,4.7,客服-02
COMP0201,2025-05,2025-05-22,CUST0107,FWD405B,服务态度,中,质量问题相关问题，需要跟进处理,True,5,1.4,客服-03
COMP0202,2025-09,2025-09-12,CUST0056,FWD6820,错误发货,高,包装破损相关问题，需要跟进处理,True,15,2.5,客服-03
COMP0203,2024-10,2024-10-15,CUST0020,FWD403,包装破损,高,质量问题相关问题，需要跟进处理,True,13,2.2,客服-02
COMP0204,2025-11,2025-11-16,CUST0017,FWD5871C,包装破损,紧急,质量问题相关问题，需要跟进处理,True,29,4.4,客服-03
COMP0205,2025-01,2025-01-28,CUST0134,FWD509,错误发货,高,错误发货相关问题，需要跟进处理,True,12,2.9,客服-01
COMP0206,2025-05,2025-05-20,CUST0093,FWDD10L,质量问题,低,包装破损相关问题，需要跟进处理,True,11,4.8,客服-03
COMP0207,2025-04,2025-04-01,CUST0035,FWD430,服务态度,中,错误发货相关问题，需要跟进处理,False,17,4.4,客服-01
COMP0208,2025-10,2025-10-05,CUST0104,FWDV155,交期延误,紧急,质量问题相关问题，需要跟进处理,True,21,4.5,客服-01
COMP0209,2025-09,2025-09-02,CUST0296,FWD163,错误发货,高,交期延误相关问题，需要跟进处理,False,5,3.2,客服-02
COMP0210,2025-09,2025-09-18,CUST0069,FWD289,错误发货,紧急,交期延误相关问题，需要跟进处理,False,18,3.4,客服-02
COMP0211,2025-05,2025-05-23,CUST0088,FWD7331,服务态度,紧急,服务态度相关问题，需要跟进处理,True,27,1.7,客服-03
COMP0212,2025-02,2025-02-10,CUST0238,FWDD28L,包装破损,中,错误发货相关问题，需要跟进处理,True,17,3.3,客服-02
COMP0213,2024-10,2024-10-16,CUST0148,FWD427,服务态度,紧急,交期延误相关问题，需要跟进处理,True,13,3.7,客服-03
COMP0214,2025-10,2025-10-17,CUST0199,FWD6006,交期延误,中,错误发货相关问题，需要跟进处理,True,3,3.4,客服-01
COMP0215,2025-07,2025-07-20,CUST0273,FWD5870D,质量问题,中,包装破损相关问题，需要跟进处理,True,25,2.3,客服-03
COMP0216,2025-11,2025-11-07,CUST0221,BHC9234BOH,价格争议,高,交期延误相关问题，需要跟进处理,True,11,2.6,客服-02
COMP0217,2025-07,2025-07-20,CUST0148,FWDD21L,价格争议,低,包装破损相关问题，需要跟进处理,True,8,1.8,客服-02
COMP0218,2025-02,2025-02-15,CUST0078,FWD216,交期延误,中,价格争议相关问题，需要跟进处理,True,2,4.0,客服-01
COMP0219,2025-05,2025-05-17,CUST0291,FWD123TS,质量问题,紧急,错误发货相关问题，需要跟进处理,True,19,4.3,客服-01
COMP0220,2025-05,2025-05-26,CUST0053,FWD417,质量问题,低,包装破损相关问题，需要跟进处理,True,19,4.3,客服-03
COMP0221,2025-09,2025-09-01,CUST0071,BHC9234BOH,价格争议,中,交期延误相关问题，需要跟进处理,True,12,4.2,客服-03
COMP0222,2024-12,2024-12-20,CUST0086,FWD5874A,包装破损,低,错误发货相关问题，需要跟进处理,True,17,4.5,客服-03
COMP0223,2025-01,2025-01-17,CUST0089,FWD427,服务态度,中,交期延误相关问题，需要跟进处理,True,21,3.5,客服-01
COMP0224,2025-04,2025-04-20,CUST0081,FWD5518,价格争议,低,服务态度相关问题，需要跟进处理,True,12,1.8,客服-01
COMP0225,2025-03,2025-03-14,CUST0054,FWD7305,错误发货,紧急,服务态度相关问题，需要跟进处理,True,1,2.0,客服-03
COMP0226,2025-05,2025-05-12,CUST0036,FWD7504,服务态度,中,服务态度相关问题，需要跟进处理,True,4,3.2,客服-03
COMP0227,2025-08,2025-08-24,CUST0003,FWD522,服务态度,高,包装破损相关问题，需要跟进处理,True,11,3.6,客服-02
COMP0228,2025-10,2025-10-19,CUST0062,FWD304,服务态度,紧急,价格争议相关问题，需要跟进处理,True,21,4.9,客服-01
COMP0229,2025-04,2025-04-02,CUST0073,FWDD27L,错误发货,高,质量问题相关问题，需要跟进处理,True,23,4.9,客服-01
COMP0230,2025-03,2025-03-11,CUST0060,FWD5894,包装破损,高,服务态度相关问题，需要跟进处理,False,22,2.5,客服-02
COMP0231,2025-04,2025-04-05,CUST0018,FWD6235,包装破损,中,价格争议相关问题，需要跟进处理,True,5,1.4,客服-01
COMP0232,2025-05,2025-05-07,CUST0080,FWD522WR,错误发货,紧急,错误发货相关问题，需要跟进处理,True,17,1.8,客服-01
COMP0233,2024-10,2024-10-26,CUST0159,BHC89235G,包装破损,低,错误发货相关问题，需要跟进处理,True,24,1.6,客服-03
COMP0234,2025-05,2025-05-26,CUST0140,FWD110,服务态度,高,服务态度相关问题，需要跟进处理,True,1,2.3,客服-01
COMP0235,2024-10,2024-10-19,CUST0093,FWDD10L,交期延误,低,质量问题相关问题，需要跟进处理,True,16,3.5,客服-01
COMP0236,2025-07,2025-07-24,CUST0183,FWD3502,错误发货,低,包装破损相关问题，需要跟进处理,False,3,4.5,客服-03
COMP0237,2025-10,2025-10-28,CUST0063,FWD552,包装破损,低,错误发货相关问题，需要跟进处理,True,21,4.6,客服-02
COMP0238,2024-11,2024-11-24,CUST0258,FWD5518,价格争议,紧急,错误发货相关问题，需要跟进处理,True,29,2.7,客服-03
COMP0239,2024-11,2024-11-02,CUST0089,FWD413,错误发货,紧急,错误发货相关问题，需要跟进处理,True,24,4.6,客服-03
COMP0240,2025-03,2025-03-19,CUST0276,FWDD25X,服务态度,低,交期延误相关问题，需要跟进处理,True,15,1.6,客服-01
COMP0241,2025-01,2025-01-18,CUST0225,FWD7352,交期延误,紧急,包装破损相关问题，需要跟进处理,True,12,4.5,客服-01
COMP0242,2025-04,2025-04-28,CUST0239,FWD6001,错误发货,中,错误发货相关问题，需要跟进处理,True,20,3.4,客服-01
COMP0243,2025-03,2025-03-15,CUST0247,FWD6602E,交期延误,低,价格争议相关问题，需要跟进处理,True,10,1.3,客服-02
COMP0244,2025-11,2025-11-20,CUST0005,FWD6830,错误发货,紧急,包装破损相关问题，需要跟进处理,True,11,4.2,客服-02
COMP0245,2025-02,2025-02-10,CUST0234,FWD522WR,服务态度,中,包装破损相关问题，需要跟进处理,True,17,2.4,客服-01
COMP0246,2025-02,2025-02-09,CUST0238,FWD151,价格争议,低,错误发货相关问题，需要跟进处理,True,30,3.9,客服-02
COMP0247,2025-06,2025-06-13,CUST0173,FWD427,错误发货,高,交期延误相关问题，需要跟进处理,True,5,2.2,客服-01
COMP0248,2024-10,2024-10-09,CUST0190,FWD6500,价格争议,高,错误发货相关问题，需要跟进处理,True,13,2.1,客服-02
COMP0249,2025-05,2025-05-08,CUST0118,FWD6883,价格争议,高,交期延误相关问题，需要跟进处理,True,19,2.9,客服-01
COMP0250,2025-07,2025-07-19,CUST0160,BHC9233POH,错误发货,中,服务态度相关问题，需要跟进处理,True,24,2.3,客服-03
COMP0251,2025-10,2025-10-26,CUST0020,BHC89237BG,包装破损,低,包装破损相关问题，需要跟进处理,False,7,2.3,客服-01
COMP0252,2024-11,2024-11-04,CUST0273,FWD403,包装破损,高,交期延误相关问题，需要跟进处理,True,9,4.5,客服-03
COMP0253,2024-11,2024-11-11,CUST0051,FWD6003TWR,质量问题,高,包装破损相关问题，需要跟进处理,True,28,3.4,客服-03
COMP0254,2025-02,2025-02-13,CUST0140,FWD508,交期延误,紧急,质量问题相关问题，需要跟进处理,True,9,3.8,客服-02
COMP0255,2025-10,2025-10-12,CUST0012,FWD7365,交期延误,紧急,价格争议相关问题，需要跟进处理,True,19,3.5,客服-02
COMP0256,2025-11,2025-11-09,CUST0123,FWD306,交期延误,低,服务态度相关问题，需要跟进处理,True,25,2.8,客服-02
COMP0257,2024-11,2024-11-06,CUST0263,FWD123TS,价格争议,紧急,包装破损相关问题，需要跟进处理,True,20,1.7,客服-02
COMP0258,2024-12,2024-12-24,CUST0026,FWD353,错误发货,低,服务态度相关问题，需要跟进处理,True,9,2.2,客服-02
COMP0259,2024-10,2024-10-09,CUST0122,FWD509,质量问题,中,价格争议相关问题，需要跟进处理,True,21,2.5,客服-02
COMP0260,2025-09,2025-09-19,CUST0231,FWD289,质量问题,高,服务态度相关问题，需要跟进处理,True,8,3.8,客服-03
COMP0261,2024-12,2024-12-13,CUST0125,FWD435B,价格争议,中,错误发货相关问题，需要跟进处理,True,30,3.0,客服-01
COMP0262,2025-09,2025-09-28,CUST0243,BHC9275BOH,价格争议,紧急,价格争议相关问题，需要跟进处理,True,3,4.4,客服-01
COMP0263,2025-10,2025-10-07,CUST0271,FWD3502,错误发货,低,交期延误相关问题，需要跟进处理,True,3,4.6,客服-01
COMP0264,2025-09,2025-09-12,CUST0021,FWD509,包装破损,中,包装破损相关问题，需要跟进处理,True,8,2.4,客服-01
COMP0265,2025-09,2025-09-19,CUST0160,FWD4002,包装破损,中,交期延误相关问题，需要跟进处理,True,6,1.6,客服-01
COMP0266,2024-11,2024-11-09,CUST0279,FWDD27X,包装破损,低,价格争议相关问题，需要跟进处理,True,26,4.8,客服-01
COMP0267,2025-05,2025-05-04,CUST0098,FWD5870B,服务态度,低,价格争议相关问题，需要跟进处理,True,20,4.3,客服-03
COMP0268,2025-08,2025-08-02,CUST0197,FWD8503WR,错误发货,紧急,包装破损相关问题，需要跟进处理,True,3,4.1,客服-01
COMP0269,2025-02,2025-02-13,CUST0215,FWD5895,质量问题,紧急,质量问题相关问题，需要跟进处理,True,2,2.6,客服-03
COMP0270,2025-06,2025-06-01,CUST0189,FWD211WR,价格争议,紧急,服务态度相关问题，需要跟进处理,True,11,3.6,客服-03
COMP0271,2025-09,2025-09-11,CUST0220,FWD6881,交期延误,低,交期延误相关问题，需要跟进处理,False,14,3.2,客服-01
COMP0272,2025-01,2025-01-09,CUST0229,FWD173,交期延误,低,质量问题相关问题，需要跟进处理,False,16,3.6,客服-01
COMP0273,2025-06,2025-06-17,CUST0130,FWDD29M,质量问题,中,包装破损相关问题，需要跟进处理,True,25,3.2,客服-02
COMP0274,2024-10,2024-10-28,CUST0096,FWD6830,错误发货,紧急,价格争议相关问题，需要跟进处理,True,12,4.5,客服-02
COMP0275,2025-06,2025-06-11,CUST0224,FWD5516,交期延误,紧急,错误发货相关问题，需要跟进处理,True,21,3.0,客服-03
COMP0276,2025-04,2025-04-18,CUST0029,FWD306WR,错误发货,高,服务态度相关问题，需要跟进处理,False,15,1.2,客服-03
COMP0277,2025-02,2025-02-25,CUST0026,FWD3504,服务态度,紧急,包装破损相关问题，需要跟进处理,True,8,2.8,客服-02
COMP0278,2025-09,2025-09-27,CUST0043,FWD6500A,质量问题,中,包装破损相关问题，需要跟进处理,True,30,4.5,客服-01
COMP0279,2024-12,2024-12-11,CUST0242,FWD6303A,交期延误,低,交期延误相关问题，需要跟进处理,True,1,2.7,客服-01
COMP0280,2024-11,2024-11-24,CUST0014,FWDD10L,服务态度,中,错误发货相关问题，需要跟进处理,True,25,4.1,客服-01
COMP0281,2025-11,2025-11-06,CUST0158,FWD6007,价格争议,低,价格争议相关问题，需要跟进处理,True,17,3.1,客服-03
COMP0282,2025-09,2025-09-01,CUST0086,FWDD25M,价格争议,高,错误发货相关问题，需要跟进处理,True,19,4.9,客服-02
COMP0283,2025-06,2025-06-20,CUST0081,BHC9321RY,服务态度,中,交期延误相关问题，需要跟进处理,True,1,4.7,客服-03
COMP0284,2025-11,2025-11-06,CUST0253,FWD223WR,交期延误,中,服务态度相关问题，需要跟进处理,True,3,4.8,客服-02
COMP0285,2024-12,2024-12-24,CUST0011,FWD6007,价格争议,紧急,错误发货相关问题，需要跟进处理,True,29,1.6,客服-01
COMP0286,2025-04,2025-04-24,CUST0288,BHC9321RY,包装破损,高,包装破损相关问题，需要跟进处理,True,9,3.8,客服-03
COMP0287,2025-08,2025-08-25,CUST0081,FWD205WR,交期延误,中,包装破损相关问题，需要跟进处理,True,7,1.2,客服-03
COMP0288,2025-04,2025-04-21,CUST0082,FWD407,质量问题,高,交期延误相关问题，需要跟进处理,True,12,2.8,客服-02
COMP0289,2025-05,2025-05-04,CUST0053,FWD6683T,错误发货,中,错误发货相关问题，需要跟进处理,True,21,2.3,客服-03
COMP0290,2025-01,2025-01-26,CUST0124,FWD6225,错误发货,中,质量问题相关问题，需要跟进处理,True,18,1.7,客服-01
COMP0291,2025-10,2025-10-26,CUST0203,FWD6003,质量问题,高,质量问题相关问题，需要跟进处理,True,1,3.8,客服-01
COMP0292,2025-03,2025-03-23,CUST0136,FWDD29X,质量问题,低,交期延误相关问题，需要跟进处理,True,16,3.0,客服-02
COMP0293,2025-03,2025-03-22,CUST0032,FWD410,价格争议,高,质量问题相关问题，需要跟进处理,True,22,3.3,客服-01
COMP0294,2025-06,2025-06-20,CUST0179,FWD6501,错误发货,中,错误发货相关问题，需要跟进处理,True,9,3.1,客服-02
COMP0295,2025-08,2025-08-04,CUST0115,FWD211,交期延误,中,价格争议相关问题，需要跟进处理,True,9,4.5,客服-02
COMP0296,2024-11,2024-11-24,CUST0113,FWD153,质量问题,中,价格争议相关问题，需要跟进处理,True,7,4.9,客服-02
COMP0297,2025-04,2025-04-06,CUST0194,FWD509,质量问题,紧急,价格争议相关问题，需要跟进处理,True,5,1.2,客服-03
COMP0298,2024-10,2024-10-02,CUST0035,FWD201,价格争议,高,包装破损相关问题，需要跟进处理,True,18,4.9,客服-02
COMP0299,2025-10,2025-10-10,CUST0165,FWD120,质量问题,中,交期延误相关问题，需要跟进处理,True,30,3.5,客服-01
COMP0300,2025-04,2025-04-28,CUST0082,FWD122,错误发货,紧急,质量问题相关问题，需要跟进处理,True,14,4.5,客服-03
COMP0301,2025-08,2025-08-21,CUST0124,FWD532,质量问题,高,价格争议相关问题，需要跟进处理,True,30,3.2,客服-02
COMP0302,2025-10,2025-10-10,CUST0179,FWD6003TWR,质量问题,高,质量问题相关问题，需要跟进处理,True,4,3.4,客服-03
COMP0303,2025-05,2025-05-18,CUST0284,FWD6602E,交期延误,紧急,错误发货相关问题，需要跟进处理,True,17,1.7,客服-03
COMP0304,2025-05,2025-05-06,CUST0141,FWD491,错误发货,低,质量问题相关问题，需要跟进处理,True,23,3.6,客服-03
COMP0305,2025-04,2025-04-25,CUST0144,BHC9275BOH,错误发货,中,包装破损相关问题，需要跟进处理,False,12,3.8,客服-02
COMP0306,2025-08,2025-08-17,CUST0128,FWDD10Y,价格争议,紧急,服务态度相关问题，需要跟进处理,True,17,2.5,客服-01
COMP0307,2025-05,2025-05-28,CUST0006,FWD300,质量问题,高,交期延误相关问题，需要跟进处理,True,13,1.8,客服-02
COMP0308,2024-12,2024-12-08,CUST0138,FWDV060,错误发货,中,交期延误相关问题，需要跟进处理,True,4,4.0,客服-03
COMP0309,2024-10,2024-10-02,CUST0049,FWDV060,价格争议,高,服务态度相关问题，需要跟进处理,True,1,4.6,客服-03
COMP0310,2025-02,2025-02-18,CUST0282,FWD205M,错误发货,中,错误发货相关问题，需要跟进处理,False,27,2.3,客服-02
COMP0311,2025-09,2025-09-03,CUST0162,FWD231,错误发货,高,错误发货相关问题，需要跟进处理,True,10,2.1,客服-02
COMP0312,2025-06,2025-06-09,CUST0062,FWDD29X,质量问题,高,错误发货相关问题，需要跟进处理,False,26,2.0,客服-01
COMP0313,2025-03,2025-03-27,CUST0097,FWD103,交期延误,低,错误发货相关问题，需要跟进处理,True,26,1.8,客服-03
COMP0314,2025-10,2025-10-23,CUST0129,FWD6307A,质量问题,紧急,服务态度相关问题，需要跟进处理,True,23,2.8,客服-03
COMP0315,2025-04,2025-04-09,CUST0246,FWD7352,质量问题,中,服务态度相关问题，需要跟进处理,True,9,1.7,客服-02
COMP0316,2025-04,2025-04-24,CUST0261,FWD5892,包装破损,紧急,服务态度相关问题，需要跟进处理,False,8,1.3,客服-03
COMP0317,2025-07,2025-07-24,CUST0282,FWD504,错误发货,低,服务态度相关问题，需要跟进处理,True,21,2.5,客服-02
COMP0318,2025-07,2025-07-07,CUST0045,FWDD27L,价格争议,低,交期延误相关问题，需要跟进处理,True,20,4.9,客服-03
COMP0319,2025-07,2025-07-07,CUST0078,FWD407,服务态度,紧急,价格争议相关问题，需要跟进处理,True,2,4.9,客服-01
COMP0320,2024-11,2024-11-05,CUST0149,FWDV095B,错误发货,高,服务态度相关问题，需要跟进处理,True,2,1.2,客服-02
COMP0321,2025-03,2025-03-01,CUST0243,BHC9275BOH,交期延误,高,质量问题相关问题，需要跟进处理,True,12,3.3,客服-03
COMP0322,2024-10,2024-10-20,CUST0285,FWD5870D,错误发货,低,价格争议相关问题，需要跟进处理,True,30,4.3,客服-03
COMP0323,2025-04,2025-04-13,CUST0123,FWD5519WR,质量问题,紧急,价格争议相关问题，需要跟进处理,True,15,1.7,客服-03
COMP0324,2024-11,2024-11-28,CUST0249,FWDD21L,质量问题,紧急,错误发货相关问题，需要跟进处理,True,1,4.9,客服-03
COMP0325,2025-04,2025-04-05,CUST0037,FWD5894,包装破损,低,包装破损相关问题，需要跟进处理,False,22,1.6,客服-03
COMP0326,2025-10,2025-10-09,CUST0011,FWD413,错误发货,低,质量问题相关问题，需要跟进处理,True,24,3.1,客服-03
COMP0327,2025-05,2025-05-12,CUST0060,FWD5891,质量问题,低,价格争议相关问题，需要跟进处理,True,3,4.5,客服-01
COMP0328,2024-10,2024-10-23,CUST0074,FWD5874A,错误发货,紧急,错误发货相关问题，需要跟进处理,True,21,2.9,客服-01
COMP0329,2025-10,2025-10-20,CUST0115,FWD3504,质量问题,中,质量问题相关问题，需要跟进处理,False,11,5.0,客服-02
COMP0330,2024-11,2024-11-23,CUST0293,FWD307,服务态度,高,质量问题相关问题，需要跟进处理,True,27,4.6,客服-03
COMP0331,2025-07,2025-07-03,CUST0070,FWD504,价格争议,高,交期延误相关问题，需要跟进处理,True,5,4.0,客服-02
COMP0332,2025-05,2025-05-27,CUST0254,FWD6002T,服务态度,中,价格争议相关问题，需要跟进处理,False,4,1.3,客服-02
COMP0333,2025-04,2025-04-18,CUST0082,FWD5870B,服务态度,高,质量问题相关问题，需要跟进处理,True,30,3.9,客服-02
COMP0334,2024-12,2024-12-05,CUST0011,FWD411,质量问题,紧急,错误发货相关问题，需要跟进处理,True,11,3.8,客服-02
COMP0335,2025-05,2025-05-14,CUST0146,FWD231WR,包装破损,高,服务态度相关问题，需要跟进处理,True,18,3.3,客服-02
COMP0336,2024-10,2024-10-18,CUST0072,FWD205WR,服务态度,低,质量问题相关问题，需要跟进处理,True,29,2.0,客服-01
COMP0337,2025-02,2025-02-11,CUST0167,FWD525,交期延误,高,服务态度相关问题，需要跟进处理,True,22,3.6,客服-01
COMP0338,2025-09,2025-09-04,CUST0207,FWD299,质量问题,中,交期延误相关问题，需要跟进处理,False,9,4.3,客服-02
COMP0339,2025-05,2025-05-20,CUST0259,FWDV080,交期延误,低,价格争议相关问题，需要跟进处理,True,4,3.2,客服-03
COMP0340,2025-11,2025-11-13,CUST0110,FWD6881,包装破损,高,服务态度相关问题，需要跟进处理,True,15,4.0,客服-01
COMP0341,2025-11,2025-11-01,CUST0300,FWD5870D,交期延误,中,服务态度相关问题，需要跟进处理,True,11,3.4,客服-01
COMP0342,2025-08,2025-08-02,CUST0132,FWDD27L,服务态度,紧急,质量问题相关问题，需要跟进处理,True,21,2.2,客服-02
COMP0343,2025-11,2025-11-01,CUST0073,FWD407,错误发货,中,错误发货相关问题，需要跟进处理,True,8,1.9,客服-01
COMP0344,2025-04,2025-04-15,CUST0152,FWD303WR,价格争议,高,包装破损相关问题，需要跟进处理,True,9,1.0,客服-02
COMP0345,2024-11,2024-11-13,CUST0164,FWD502,质量问题,紧急,交期延误相关问题，需要跟进处理,True,27,1.4,客服-02
COMP0346,2025-05,2025-05-19,CUST0010,FWDV060B,价格争议,低,包装破损相关问题，需要跟进处理,True,23,3.6,客服-01
COMP0347,2025-03,2025-03-08,CUST0041,FWD330,错误发货,高,服务态度相关问题，需要跟进处理,True,30,3.0,客服-03
COMP0348,2024-12,2024-12-21,CUST0194,FWD403,价格争议,低,服务态度相关问题，需要跟进处理,True,22,1.9,客服-02
COMP0349,2025-01,2025-01-07,CUST0293,FWD6300,交期延误,紧急,质量问题相关问题，需要跟进处理,False,3,2.0,客服-01
COMP0350,2024-10,2024-10-08,CUST0182,FWD6601,价格争议,高,交期延误相关问题，需要跟进处理,True,18,2.0,客服-01
COMP0351,2025-05,2025-05-28,CUST0102,FWD5870C,包装破损,中,质量问题相关问题，需要跟进处理,True,26,4.7,客服-01
COMP0352,2025-05,2025-05-27,CUST0032,FWD401,质量问题,紧急,价格争议相关问题，需要跟进处理,True,27,4.3,客服-03
COMP0353,2024-11,2024-11-01,CUST0248,FWD500WR,错误发货,中,质量问题相关问题，需要跟进处理,True,10,3.0,客服-02
COMP0354,2025-09,2025-09-16,CUST0286,FWD7331,价格争议,低,服务态度相关问题，需要跟进处理,True,3,2.8,客服-03
COMP0355,2025-09,2025-09-10,CUST0045,FWDD10M,包装破损,紧急,服务态度相关问题，需要跟进处理,True,29,2.7,客服-01
COMP0356,2025-03,2025-03-20,CUST0196,FWD110,包装破损,低,服务态度相关问题，需要跟进处理,True,27,2.4,客服-02
COMP0357,2025-07,2025-07-27,CUST0229,FWD5894,包装破损,紧急,服务态度相关问题，需要跟进处理,True,7,3.5,客服-03
COMP0358,2025-05,2025-05-28,CUST0098,FWDD28X,质量问题,低,服务态度相关问题，需要跟进处理,True,30,3.9,客服-02
COMP0359,2024-12,2024-12-22,CUST0281,FWD5872A,服务态度,紧急,包装破损相关问题，需要跟进处理,False,10,2.5,客服-02
COMP0360,2024-10,2024-10-17,CUST0069,FWD303,服务态度,高,质量问题相关问题，需要跟进处理,False,7,1.7,客服-02
COMP0361,2024-10,2024-10-14,CUST0210,FWD6215,服务态度,中,包装破损相关问题，需要跟进处理,True,1,1.3,客服-02
COMP0362,2025-01,2025-01-08,CUST0282,FWD330,价格争议,紧急,错误发货相关问题，需要跟进处理,True,22,4.6,客服-03
COMP0363,2025-02,2025-02-23,CUST0254,FWD361,质量问题,中,服务态度相关问题，需要跟进处理,True,23,2.7,客服-03
COMP0364,2025-11,2025-11-20,CUST0276,FWD153,质量问题,低,价格争议相关问题，需要跟进处理,True,30,2.1,客服-03
COMP0365,2025-08,2025-08-12,CUST0133,FWD6810,错误发货,高,质量问题相关问题，需要跟进处理,True,14,4.9,客服-03
COMP0366,2024-10,2024-10-06,CUST0052,FWD211WR,错误发货,高,服务态度相关问题，需要跟进处理,True,8,4.0,客服-02
COMP0367,2025-05,2025-05-13,CUST0024,FWD323WR,价格争议,高,错误发货相关问题，需要跟进处理,True,24,1.9,客服-03
COMP0368,2025-11,2025-11-23,CUST0242,FWD6235,错误发货,低,价格争议相关问题，需要跟进处理,True,12,3.4,客服-02
COMP0369,2024-12,2024-12-14,CUST0166,FWD6850,包装破损,高,服务态度相关问题，需要跟进处理,True,28,3.9,客服-03
COMP0370,2025-01,2025-01-22,CUST0115,FWD7504,质量问题,高,质量问题相关问题，需要跟进处理,True,14,1.4,客服-02
COMP0371,2025-01,2025-01-27,CUST0146,FWD530,错误发货,紧急,错误发货相关问题，需要跟进处理,True,22,4.5,客服-02
COMP0372,2025-05,2025-05-01,CUST0062,FWD522,服务态度,中,错误发货相关问题，需要跟进处理,True,15,4.0,客服-03
COMP0373,2024-10,2024-10-22,CUST0237,FWD6007,服务态度,紧急,质量问题相关问题，需要跟进处理,True,9,2.8,客服-02
COMP0374,2025-11,2025-11-15,CUST0240,FWD6303,包装破损,低,服务态度相关问题，需要跟进处理,True,9,5.0,客服-02
COMP0375,2025-10,2025-10-26,CUST0226,FWD419B,价格争议,中,价格争议相关问题，需要跟进处理,True,30,4.7,客服-01
COMP0376,2025-10,2025-10-19,CUST0182,FWD418B,交期延误,中,服务态度相关问题，需要跟进处理,True,23,1.4,客服-02
COMP0377,2025-05,2025-05-09,CUST0238,FWD491,包装破损,高,错误发货相关问题，需要跟进处理,True,23,1.1,客服-03
COMP0378,2024-10,2024-10-28,CUST0295,FWD402,交期延误,中,质量问题相关问题，需要跟进处理,True,26,3.0,客服-02
COMP0379,2025-05,2025-05-04,CUST0101,FWD411,交期延误,紧急,包装破损相关问题，需要跟进处理,True,4,3.2,客服-03
COMP0380,2025-02,2025-02-24,CUST0047,FWD522WR,包装破损,高,服务态度相关问题，需要跟进处理,True,17,4.2,客服-02
COMP0381,2025-02,2025-02-16,CUST0257,BHC9230YBH,包装破损,中,错误发货相关问题，需要跟进处理,True,2,3.4,客服-02
COMP0382,2025-09,2025-09-23,CUST0270,FWD500,包装破损,低,质量问题相关问题，需要跟进处理,True,18,2.9,客服-01
COMP0383,2025-03,2025-03-09,CUST0028,FWD6018T,服务态度,紧急,错误发货相关问题，需要跟进处理,True,4,3.2,客服-03
COMP0384,2025-05,2025-05-17,CUST0168,FWD6601A,价格争议,紧急,错误发货相关问题，需要跟进处理,True,17,3.1,客服-02
COMP0385,2024-10,2024-10-15,CUST0042,FWDD10M,服务态度,紧急,包装破损相关问题，需要跟进处理,True,19,3.1,客服-03
COMP0386,2025-07,2025-07-10,CUST0096,FWD436 ,价格争议,低,质量问题相关问题，需要跟进处理,True,28,1.9,客服-01
COMP0387,2025-05,2025-05-15,CUST0119,FWD504WR,错误发货,低,质量问题相关问题，需要跟进处理,False,2,4.7,客服-01
COMP0388,2024-12,2024-12-19,CUST0246,BHC9321RY,服务态度,高,价格争议相关问题，需要跟进处理,True,10,3.3,客服-02
COMP0389,2024-10,2024-10-24,CUST0100,FWD201WR,服务态度,低,交期延误相关问题，需要跟进处理,True,15,2.0,客服-03
COMP0390,2025-08,2025-08-09,CUST0228,FWDD28X,交期延误,紧急,错误发货相关问题，需要跟进处理,True,28,1.4,客服-02
COMP0391,2025-07,2025-07-12,CUST0205,FWD534,错误发货,高,交期延误相关问题，需要跟进处理,False,25,1.3,客服-01
COMP0392,2025-04,2025-04-05,CUST0064,FWDD25X,包装破损,低,包装破损相关问题，需要跟进处理,True,28,4.0,客服-02
COMP0393,2024-12,2024-12-22,CUST0122,FWD225,错误发货,高,服务态度相关问题，需要跟进处理,True,30,3.9,客服-03
COMP0394,2025-09,2025-09-23,CUST0014,FWD6003T,交期延误,紧急,价格争议相关问题，需要跟进处理,True,15,3.3,客服-03
COMP0395,2025-09,2025-09-13,CUST0071,FWD323WR,包装破损,中,质量问题相关问题，需要跟进处理,False,14,4.0,客服-03
COMP0396,2025-04,2025-04-24,CUST0222,FWD403,包装破损,紧急,服务态度相关问题，需要跟进处理,True,23,4.2,客服-03
COMP0397,2024-11,2024-11-11,CUST0227,FWD111,质量问题,中,交期延误相关问题，需要跟进处理,True,20,1.6,客服-03
COMP0398,2025-02,2025-02-07,CUST0074,FWD510,交期延误,中,交期延误相关问题，需要跟进处理,True,4,3.7,客服-01
COMP0399,2025-08,2025-08-24,CUST0005,FWD173,服务态度,低,包装破损相关问题，需要跟进处理,True,10,1.1,客服-02
COMP0400,2024-10,2024-10-23,CUST0014,FWD111MT,服务态度,高,包装破损相关问题，需要跟进处理,True,19,2.6,客服-03
COMP0401,2025-11,2025-11-05,CUST0115,BHC9323PG,价格争议,高,包装破损相关问题，需要跟进处理,True,18,1.2,客服-01
COMP0402,2025-01,2025-01-10,CUST0075,FWD235,包装破损,中,错误发货相关问题，需要跟进处理,True,23,4.3,客服-03
COMP0403,2025-08,2025-08-28,CUST0253,BHC9325BR,服务态度,低,交期延误相关问题，需要跟进处理,True,4,3.7,客服-03
COMP0404,2025-08,2025-08-03,CUST0011,BHC9225BMTH,质量问题,高,错误发货相关问题，需要跟进处理,True,26,2.1,客服-02
COMP0405,2025-07,2025-07-21,CUST0234,FWD217,质量问题,中,错误发货相关问题，需要跟进处理,True,14,2.9,客服-03
COMP0406,2024-12,2024-12-22,CUST0256,FWD4002,包装破损,低,质量问题相关问题，需要跟进处理,True,26,4.7,客服-01
COMP0407,2025-03,2025-03-01,CUST0047,FWD6225,交期延误,低,错误发货相关问题，需要跟进处理,True,22,4.6,客服-03
COMP0408,2025-02,2025-02-10,CUST0259,FWD6504T,价格争议,中,包装破损相关问题，需要跟进处理,True,4,3.8,客服-01
COMP0409,2025-09,2025-09-20,CUST0120,FWD123,价格争议,低,质量问题相关问题，需要跟进处理,True,1,1.5,客服-03
COMP0410,2024-11,2024-11-08,CUST0169,FWD103TWR,错误发货,高,质量问题相关问题，需要跟进处理,True,25,2.0,客服-03
COMP0411,2025-04,2025-04-20,CUST0256,BHC9338GR,错误发货,低,价格争议相关问题，需要跟进处理,True,3,4.0,客服-02
COMP0412,2024-12,2024-12-06,CUST0290,FWD221,错误发货,低,服务态度相关问题，需要跟进处理,True,19,3.4,客服-03
COMP0413,2025-10,2025-10-03,CUST0204,FWD101WR,服务态度,低,服务态度相关问题，需要跟进处理,True,1,1.8,客服-01
COMP0414,2025-10,2025-10-27,CUST0269,FWD300WR,价格争议,中,质量问题相关问题，需要跟进处理,True,26,4.8,客服-01
COMP0415,2025-09,2025-09-22,CUST0208,FWD505,包装破损,低,错误发货相关问题，需要跟进处理,True,1,4.0,客服-03
COMP0416,2025-05,2025-05-03,CUST0113,BHC89234BG,包装破损,中,价格争议相关问题，需要跟进处理,True,26,4.8,客服-03
COMP0417,2025-09,2025-09-09,CUST0004,FWD001,质量问题,低,服务态度相关问题，需要跟进处理,True,2,1.9,客服-01
COMP0418,2024-12,2024-12-09,CUST0046,FWD111,包装破损,紧急,交期延误相关问题，需要跟进处理,True,8,2.4,客服-01
COMP0419,2025-10,2025-10-28,CUST0078,FWD6018,包装破损,紧急,包装破损相关问题，需要跟进处理,True,5,4.0,客服-03
COMP0420,2025-05,2025-05-08,CUST0173,FWD6009,错误发货,低,交期延误相关问题，需要跟进处理,True,23,1.2,客服-01
COMP0421,2025-11,2025-11-06,CUST0031,FWD304,价格争议,中,价格争议相关问题，需要跟进处理,True,4,4.6,客服-01
COMP0422,2025-10,2025-10-10,CUST0095,FWD151,价格争议,高,交期延误相关问题，需要跟进处理,True,23,3.0,客服-02
COMP0423,2024-10,2024-10-05,CUST0027,FWD525WR,交期延误,中,价格争议相关问题，需要跟进处理,False,27,1.2,客服-01
COMP0424,2024-11,2024-11-22,CUST0098,FWD353,服务态度,紧急,价格争议相关问题，需要跟进处理,True,28,4.5,客服-01
COMP0425,2025-04,2025-04-27,CUST0161,FWD6006,包装破损,中,错误发货相关问题，需要跟进处理,True,2,4.5,客服-03
COMP0426,2024-10,2024-10-02,CUST0290,FWD323M,价格争议,中,包装破损相关问题，需要跟进处理,True,26,3.2,客服-02
COMP0427,2025-03,2025-03-15,CUST0264,FWDV060B,错误发货,低,包装破损相关问题，需要跟进处理,True,19,2.0,客服-02
COMP0428,2025-09,2025-09-05,CUST0300,FWD6885,服务态度,低,包装破损相关问题，需要跟进处理,True,11,4.8,客服-03
COMP0429,2025-05,2025-05-08,CUST0155,FWD100,包装破损,低,包装破损相关问题，需要跟进处理,True,19,2.2,客服-03
COMP0430,2025-09,2025-09-21,CUST0067,FWD6307A,服务态度,低,错误发货相关问题，需要跟进处理,True,7,5.0,客服-02
COMP0431,2025-11,2025-11-17,CUST0094,FWDD29X,服务态度,中,错误发货相关问题，需要跟进处理,True,7,2.3,客服-03
COMP0432,2025-03,2025-03-22,CUST0298,FWD201WR,服务态度,低,交期延误相关问题，需要跟进处理,True,8,2.6,客服-03
COMP0433,2025-04,2025-04-04,CUST0221,FWD6002T,包装破损,低,错误发货相关问题，需要跟进处理,True,17,3.8,客服-03
COMP0434,2024-10,2024-10-18,CUST0067,FWD151,质量问题,低,包装破损相关问题，需要跟进处理,True,4,4.4,客服-01
COMP0435,2025-06,2025-06-08,CUST0189,FWD7322,质量问题,中,交期延误相关问题，需要跟进处理,True,25,3.0,客服-01
COMP0436,2025-11,2025-11-23,CUST0126,FWDD27X,质量问题,高,错误发货相关问题，需要跟进处理,True,28,5.0,客服-02
COMP0437,2025-01,2025-01-13,CUST0150,FWD3500,错误发货,紧急,服务态度相关问题，需要跟进处理,True,21,4.6,客服-01
COMP0438,2025-05,2025-05-04,CUST0115,FWDD27M,价格争议,紧急,价格争议相关问题，需要跟进处理,False,4,4.5,客服-03
COMP0439,2025-11,2025-11-14,CUST0128,FWD4012,错误发货,紧急,交期延误相关问题，需要跟进处理,True,1,4.8,客服-02
COMP0440,2025-07,2025-07-01,CUST0117,FWD223,价格争议,高,服务态度相关问题，需要跟进处理,False,1,3.7,客服-02
COMP0441,2025-05,2025-05-02,CUST0176,BHC9227GOH,质量问题,低,错误发货相关问题，需要跟进处理,True,22,4.9,客服-01
COMP0442,2025-03,2025-03-28,CUST0089,FWD152,质量问题,高,质量问题相关问题，需要跟进处理,False,24,3.2,客服-03
COMP0443,2024-11,2024-11-18,CUST0103,FWD303WR,包装破损,中,包装破损相关问题，需要跟进处理,True,13,2.9,客服-03
COMP0444,2024-11,2024-11-17,CUST0045,FWD6018,包装破损,紧急,价格争议相关问题，需要跟进处理,True,28,4.9,客服-01
COMP0445,2025-11,2025-11-09,CUST0255,BHC89230GY,错误发货,紧急,错误发货相关问题，需要跟进处理,True,11,3.8,客服-03
COMP0446,2025-10,2025-10-13,CUST0025,FWD353,质量问题,中,包装破损相关问题，需要跟进处理,True,11,2.6,客服-02
COMP0447,2025-04,2025-04-18,CUST0264,FWD510,包装破损,紧急,包装破损相关问题，需要跟进处理,True,8,1.4,客服-02
COMP0448,2025-10,2025-10-21,CUST0135,FWD5893,交期延误,低,包装破损相关问题，需要跟进处理,True,4,4.4,客服-01
COMP0449,2024-11,2024-11-01,CUST0207,FWD111,质量问题,紧急,交期延误相关问题，需要跟进处理,True,1,3.8,客服-01
COMP0450,2025-06,2025-06-20,CUST0002,FWD504WR,交期延误,高,价格争议相关问题，需要跟进处理,True,29,1.2,客服-03
COMP0451,2025-04,2025-04-27,CUST0111,FWDD25X,质量问题,高,包装破损相关问题，需要跟进处理,True,18,2.2,客服-01
COMP0452,2025-11,2025-11-12,CUST0025,FWDD23X,服务态度,低,错误发货相关问题，需要跟进处理,True,3,1.7,客服-02
COMP0453,2025-03,2025-03-06,CUST0118,FWD304,价格争议,中,错误发货相关问题，需要跟进处理,True,7,1.5,客服-03
COMP0454,2025-02,2025-02-21,CUST0219,FWD325,交期延误,高,价格争议相关问题，需要跟进处理,True,8,3.5,客服-03
COMP0455,2025-04,2025-04-22,CUST0215,FWDD10A,服务态度,中,包装破损相关问题，需要跟进处理,True,29,2.8,客服-02
COMP0456,2024-12,2024-12-21,CUST0231,FWD221WR,交期延误,中,交期延误相关问题，需要跟进处理,True,2,3.0,客服-03
COMP0457,2025-08,2025-08-07,CUST0151,FWD491,质量问题,中,包装破损相关问题，需要跟进处理,False,28,1.1,客服-03
COMP0458,2025-10,2025-10-16,CUST0030,FWD122,错误发货,低,服务态度相关问题，需要跟进处理,True,20,3.4,客服-01
COMP0459,2025-02,2025-02-24,CUST0152,FWD4002,错误发货,紧急,包装破损相关问题，需要跟进处理,True,2,3.2,客服-03
COMP0460,2024-10,2024-10-04,CUST0229,FWD307,价格争议,紧急,交期延误相关问题，需要跟进处理,False,21,2.5,客服-01
COMP0461,2024-10,2024-10-11,CUST0048,FWDV095,质量问题,低,服务态度相关问题，需要跟进处理,True,16,1.6,客服-03
COMP0462,2025-02,2025-02-04,CUST0030,FWD510,包装破损,低,质量问题相关问题，需要跟进处理,False,12,3.8,客服-01
COMP0463,2025-06,2025-06-25,CUST0089,FWD6300,错误发货,低,价格争议相关问题，需要跟进处理,True,9,3.2,客服-02
COMP0464,2025-10,2025-10-22,CUST0113,FWD7351,交期延误,高,交期延误相关问题，需要跟进处理,True,13,1.1,客服-01
COMP0465,2025-11,2025-11-19,CUST0059,FWD5870B,错误发货,中,质量问题相关问题，需要跟进处理,True,1,3.6,客服-01
COMP0466,2024-12,2024-12-06,CUST0209,FWD259,质量问题,高,价格争议相关问题，需要跟进处理,True,3,1.7,客服-02
COMP0467,2025-11,2025-11-05,CUST0054,FWDD23L,交期延误,中,包装破损相关问题，需要跟进处理,True,7,4.8,客服-01
COMP0468,2025-08,2025-08-17,CUST0271,FWD5518WR,交期延误,低,服务态度相关问题，需要跟进处理,False,28,3.3,客服-03
COMP0469,2025-07,2025-07-12,CUST0227,FWD362,服务态度,低,包装破损相关问题，需要跟进处理,True,6,5.0,客服-02
COMP0470,2025-10,2025-10-03,CUST0139,FWD6018,错误发货,中,交期延误相关问题，需要跟进处理,True,13,4.0,客服-01
COMP0471,2025-02,2025-02-26,CUST0168,FWD2205G,包装破损,中,价格争议相关问题，需要跟进处理,False,3,2.3,客服-02
COMP0472,2024-12,2024-12-12,CUST0084,FWD123TS,包装破损,高,包装破损相关问题，需要跟进处理,True,4,1.6,客服-03
COMP0473,2025-09,2025-09-09,CUST0153,FWD408,包装破损,低,交期延误相关问题，需要跟进处理,True,27,4.7,客服-03
COMP0474,2025-03,2025-03-12,CUST0238,FWD3302,交期延误,中,价格争议相关问题，需要跟进处理,True,10,1.8,客服-02
COMP0475,2025-08,2025-08-10,CUST0011,FWD410,价格争议,紧急,质量问题相关问题，需要跟进处理,True,16,2.0,客服-02
COMP0476,2025-06,2025-06-06,CUST0159,FWD6504T,错误发货,低,价格争议相关问题，需要跟进处理,False,27,4.4,客服-02
COMP0477,2025-11,2025-11-27,CUST0210,FWD351WR,交期延误,高,包装破损相关问题，需要跟进处理,True,23,3.0,客服-02
COMP0478,2025-09,2025-09-19,CUST0109,FWD6885,质量问题,中,交期延误相关问题，需要跟进处理,True,19,2.9,客服-01
COMP0479,2025-06,2025-06-26,CUST0019,FWD5890,价格争议,紧急,价格争议相关问题，需要跟进处理,True,3,4.5,客服-01
COMP0480,2025-10,2025-10-03,CUST0045,FWD225WR,包装破损,高,错误发货相关问题，需要跟进处理,True,6,4.7,客服-03
COMP0481,2025-04,2025-04-22,CUST0048,FWD6882,交期延误,高,包装破损相关问题，需要跟进处理,True,3,2.3,客服-03
COMP0482,2024-11,2024-11-04,CUST0125,FWD235WR,包装破损,中,错误发货相关问题，需要跟进处理,False,10,1.9,客服-03
COMP0483,2025-04,2025-04-02,CUST0218,FWD353,质量问题,中,服务态度相关问题，需要跟进处理,False,15,2.6,客服-02
COMP0484,2025-06,2025-06-14,CUST0175,FWD306,包装破损,高,交期延误相关问题，需要跟进处理,True,2,4.1,客服-01
COMP0485,2025-07,2025-07-14,CUST0193,FWD6885,价格争议,高,交期延误相关问题，需要跟进处理,False,24,3.7,客服-01
COMP0486,2025-01,2025-01-15,CUST0006,FWD7351,质量问题,低,质量问题相关问题，需要跟进处理,True,23,1.8,客服-02
COMP0487,2024-10,2024-10-11,CUST0067,FWD6602E,价格争议,中,服务态度相关问题，需要跟进处理,False,26,4.9,客服-01
COMP0488,2024-10,2024-10-16,CUST0175,FWD6219,质量问题,紧急,交期延误相关问题，需要跟进处理,False,1,4.0,客服-02
COMP0489,2025-01,2025-01-28,CUST0217,FWD401,服务态度,低,价格争议相关问题，需要跟进处理,True,27,3.8,客服-03
COMP0490,2024-11,2024-11-17,CUST0084,FWDD21X,交期延误,紧急,质量问题相关问题，需要跟进处理,True,15,4.5,客服-03
COMP0491,2025-06,2025-06-25,CUST0189,FWD6002A,交期延误,紧急,交期延误相关问题，需要跟进处理,True,20,1.0,客服-02
COMP0492,2025-05,2025-05-19,CUST0283,FWD509,价格争议,高,错误发货相关问题，需要跟进处理,True,18,2.0,客服-02
COMP0493,2024-11,2024-11-27,CUST0246,FWD6300T,价格争议,紧急,包装破损相关问题，需要跟进处理,True,6,2.3,客服-03
COMP0494,2024-12,2024-12-12,CUST0183,FWD535,服务态度,中,服务态度相关问题，需要跟进处理,True,25,1.7,客服-03
COMP0495,2024-10,2024-10-02,CUST0254,FWD6009,服务态度,高,交期延误相关问题，需要跟进处理,True,19,2.1,客服-02
COMP0496,2024-10,2024-10-05,CUST0057,FWD5872A,交期延误,高,错误发货相关问题，需要跟进处理,True,28,2.1,客服-03
COMP0497,2024-10,2024-10-07,CUST0100,FWD123,价格争议,低,包装破损相关问题，需要跟进处理,True,2,3.1,客服-02
COMP0498,2025-08,2025-08-01,CUST0171,FWD151WR,错误发货,低,服务态度相关问题，需要跟进处理,True,27,1.7,客服-03
COMP0499,2025-06,2025-06-09,CUST0109,FWD151WR,交期延误,高,服务态度相关问题，需要跟进处理,True,10,1.1,客服-02
COMP0500,2025-02,2025-02-05,CUST0102,FWDV580,包装破损,紧急,服务态度相关问题，需要跟进处理,True,7,3.3,客服-03
